order_id,customer_id,order_status,order_purchase_timestamp,order_delivered_customer_date,review_id,order_id,review_score,review_answer_timestamp,customer_id,customer_unique_id,customer_zip_code_prefix,customer_city,order_id,order_item_id,product_id,shipping_limit_date,price,freight_value,product_id,product_category_name,order_id,payment_type,payment_value,seller_id,seller_city,seller_state,order_delivered_carrier_date,order_estimated_delivery_date
e481f51cbdc54678b7cc49136f2d6af7,9ef432eb6251297304e76186b10a928d,delivered,02/10/2017 10:56,10/10/2017 21:25,a54f0611adc9ed256b57ede6b6eb5114,e481f51cbdc54678b7cc49136f2d6af7,4,12/10/2017 03:43,9ef432eb6251297304e76186b10a928d,7c396fd4830fd04220f754e42b4e5bff,3149,sao paulo,e481f51cbdc54678b7cc49136f2d6af7,1,87285b34884572647811a353c7ac498a,06/10/2017 11:07,29.99,8.72,87285b34884572647811a353c7ac498a,utilidades_domesticas,e481f51cbdc54678b7cc49136f2d6af7,credit_card,18.12,3504c0cb71d7fa48d967e0e4c94d59d9,campinas,SP,31/05/2017 16:38,22/06/2017 00:00
53cdb2fc8bc7dce0b6741e2150273451,b0830fb4747a6c6d20dea0b8c802d7ef,delivered,24/07/2018 20:41,07/08/2018 15:27,8d5266042046a06655c8db133d120ba5,53cdb2fc8bc7dce0b6741e2150273451,4,08/08/2018 18:37,b0830fb4747a6c6d20dea0b8c802d7ef,af07308b275d755c9edb36a90c618231,47813,barreiras,53cdb2fc8bc7dce0b6741e2150273451,1,595fac2a385ac33a80bd5114aec74eb8,30/07/2018 03:24,118.7,22.76,595fac2a385ac33a80bd5114aec74eb8,perfumaria,53cdb2fc8bc7dce0b6741e2150273451,boleto,141.46,289cdb325fb7e7f891c38608bf9e0962,belo horizonte,SP,26/02/2018 18:52,15/03/2018 00:00
47770eb9100c2d0c44946d9cf07ec65d,41ce2a54c0b03bf3443c3d931a367089,delivered,08/08/2018 08:38,17/08/2018 18:06,e73b67b67587f7644d5bd1a52deb1b01,47770eb9100c2d0c44946d9cf07ec65d,5,22/08/2018 19:07,41ce2a54c0b03bf3443c3d931a367089,3a653a41f6f9fc3d2a113cf8398680e8,75265,vianopolis,47770eb9100c2d0c44946d9cf07ec65d,1,aa4383b373c6aca5d8797843e5594415,13/08/2018 08:55,159.9,19.22,aa4383b373c6aca5d8797843e5594415,automotivo,47770eb9100c2d0c44946d9cf07ec65d,credit_card,179.12,4869f7a5dfa277a7dca6462dcf3b52b2,campinas,SP,26/02/2018 18:52,15/03/2018 00:00
949d5b44dbf5de918fe9c16f97b45f8a,f88197465ea7920adcdbec7375364d82,delivered,18/11/2017 19:28,02/12/2017 00:28,949d5b44dbf5de918fe9c16f97b45f8a,359d03e676b3c069f62cadba8dd3f6e8,5,05/12/2017 19:21,f88197465ea7920adcdbec7375364d82,7c142cf63193a1473d2e66489a9ae977,59296,sao goncalo do amarante,949d5b44dbf5de918fe9c16f97b45f8a,1,d0b61bfb1de832b15ba9d266ca96e5b0,23/11/2017 19:45,45,27.2,d0b61bfb1de832b15ba9d266ca96e5b0,pet_shop,949d5b44dbf5de918fe9c16f97b45f8a,credit_card,72.2,66922902710d126a0e7d26b0e3805106,curitiba,PR,29/06/2017 13:29,27/07/2017 00:00
ad21c59c0840e6cb83a9ceb5573f8159,8ab97904e6daea8866dbdbc4fb7aad2c,delivered,13/02/2018 21:18,16/02/2018 18:17,ad21c59c0840e6cb83a9ceb5573f8159,e50934924e227544ba8246aeb3770dd4,5,18/02/2018 13:02,8ab97904e6daea8866dbdbc4fb7aad2c,72632f0f9dd73dfee390c9b22eb56dd6,9195,santo andre,ad21c59c0840e6cb83a9ceb5573f8159,1,65266b2da20d04dbe00c5c2d3bb7859e,19/02/2018 20:31,19.9,8.72,65266b2da20d04dbe00c5c2d3bb7859e,papelaria,ad21c59c0840e6cb83a9ceb5573f8159,credit_card,28.62,2c9e548be18521d1c43cde1c582c6de8,mogi das cruzes,SP,24/05/2018 14:36,18/06/2018 00:00
a4591c265e18cb1dcee52889e2d8acc3,503740e9ca751ccdda7ba28e9ab8f608,delivered,09/07/2017 21:57,26/07/2017 10:57,a4591c265e18cb1dcee52889e2d8acc3,89b738e70a1ce346db29a20fb2910161,4,27/07/2017 22:48,503740e9ca751ccdda7ba28e9ab8f608,80bb27c7c16e8f973207a5086ab329e2,86320,congonhinhas,a4591c265e18cb1dcee52889e2d8acc3,1,060cb19345d90064d1015407193c233d,13/07/2017 22:10,147.9,27.36,060cb19345d90064d1015407193c233d,automotivo,a4591c265e18cb1dcee52889e2d8acc3,credit_card,175.26,8581055ce74af1daba164fdbd55a40de,ponte nova,MG,24/05/2018 14:36,18/06/2018 00:00
6514b8ad8028c9f2cc2374ded245783f,9bdf08b4b3b52b5526ff42d37d47f222,delivered,16/05/2017 13:10,26/05/2017 12:55,6514b8ad8028c9f2cc2374ded245783f,07d67dd06ed5f88bef11ef6b464e79ae,5,28/05/2017 02:59,9bdf08b4b3b52b5526ff42d37d47f222,932afa1e708222e5821dac9cd5db4cae,26525,nilopolis,6514b8ad8028c9f2cc2374ded245783f,1,4520766ec412348b8d4caa5e8a18c464,22/05/2017 13:22,59.99,15.17,4520766ec412348b8d4caa5e8a18c464,automotivo,6514b8ad8028c9f2cc2374ded245783f,credit_card,75.16,16090f2ca825584b5a147ab24aa30c86,atibaia,SP,26/02/2018 18:52,15/03/2018 00:00
76c6e866289321a7c93b82b54852dc33,f54a9f0e6b351c431402b8461ea51999,delivered,23/01/2017 18:29,02/02/2017 14:08,76c6e866289321a7c93b82b54852dc33,fc4af8aea8ec3f1a3cd181d3d0cadbd5,1,05/02/2017 01:58,f54a9f0e6b351c431402b8461ea51999,39382392765b6dc74812866ee5ee92a7,99655,faxinalzinho,76c6e866289321a7c93b82b54852dc33,1,ac1789e492dcd698c5c10b97a671243a,27/01/2017 18:29,19.9,16.05,ac1789e492dcd698c5c10b97a671243a,moveis_decoracao,76c6e866289321a7c93b82b54852dc33,boleto,35.95,63b9ae557efed31d1f7687917d248a8d,curitiba,PR,19/04/2018 22:17,15/05/2018 00:00
e69bfb5eb88e0ed6a785585b27e16dbf,31ad1d1b63eb9962463f764d4e6e0c9d,delivered,29/07/2017 11:55,16/08/2017 17:14,e69bfb5eb88e0ed6a785585b27e16dbf,abc5655186d40772bd6e410420e6a3ed,5,18/08/2017 01:47,31ad1d1b63eb9962463f764d4e6e0c9d,299905e3934e9e181bfb2e164dd4b4f8,18075,sorocaba,e69bfb5eb88e0ed6a785585b27e16dbf,1,9a78fb9862b10749a117f7fc3c31f051,11/08/2017 12:05,149.99,19.77,9a78fb9862b10749a117f7fc3c31f051,moveis_escritorio,e69bfb5eb88e0ed6a785585b27e16dbf,voucher,161.42,7c67e1448b00f6e969d365cea6b010ab,ponte nova,MG,31/05/2017 16:38,22/06/2017 00:00
e6ce16cb79ec1d90b1da9085a6118aeb,494dded5b201313c64ed7f100595b95c,delivered,16/05/2017 19:41,29/05/2017 11:18,e6ce16cb79ec1d90b1da9085a6118aeb,15898b543726a832d4137fbef5d1d00e,1,30/05/2017 23:13,494dded5b201313c64ed7f100595b95c,f2a85dec752b8517b5e58a06ff3cd937,20780,rio de janeiro,e6ce16cb79ec1d90b1da9085a6118aeb,1,08574b074924071f4e201e151b152b4e,22/05/2017 19:50,99,30.53,08574b074924071f4e201e151b152b4e,ferramentas_jardim,e6ce16cb79ec1d90b1da9085a6118aeb,credit_card,259.06,001cca7ae9ae17fb1caed9dfb1094831,cariacica,ES,31/05/2017 16:38,22/06/2017 00:00
34513ce0c4fab462a55830c0989c7edb,7711cf624183d843aafe81855097bc37,delivered,13/07/2017 19:58,19/07/2017 14:04,34513ce0c4fab462a55830c0989c7edb,a932e1fddc0c17fc26de56687b48f922,4,22/07/2017 20:11,7711cf624183d843aafe81855097bc37,782987b81c92239d922aa49d6bd4200b,4278,sao paulo,34513ce0c4fab462a55830c0989c7edb,1,f7e0fa615b386bc9a8b9eb52bc1fff76,19/07/2017 20:10,98,16.13,f7e0fa615b386bc9a8b9eb52bc1fff76,informatica_acessorios,34513ce0c4fab462a55830c0989c7edb,credit_card,114.13,87142160b41353c4e5fca2360caf6f92,ponte nova,MG,18/06/2018 16:57,19/07/2018 00:00
82566a660a982b15fb86e904c8d32918,d3e3b74c766bc6214e0c830b17ee2341,delivered,07/06/2018 10:06,19/06/2018 12:05,82566a660a982b15fb86e904c8d32918,ed220e853e96b629118a3576e02900b6,5,20/06/2018 15:31,d3e3b74c766bc6214e0c830b17ee2341,e97109680b052ee858d93a539597bba7,35400,ouro preto,82566a660a982b15fb86e904c8d32918,1,72a97c271b2e429974398f46b93ae530,18/06/2018 03:13,31.9,18.23,72a97c271b2e429974398f46b93ae530,perfumaria,82566a660a982b15fb86e904c8d32918,boleto,50.13,094ced053e257ae8cae57205592d6712,ribeirao preto,SP,29/06/2017 13:29,27/07/2017 00:00
5ff96c15d0b717ac6ad1f3d77225a350,19402a48fe860416adf93348aba37740,delivered,25/07/2018 17:44,30/07/2018 15:52,5ff96c15d0b717ac6ad1f3d77225a350,346e42116863ea64d51cef464d8f0c9c,5,02/08/2018 21:15,19402a48fe860416adf93348aba37740,e2dfa3127fedbbca9707b36304996dab,4812,sao paulo,5ff96c15d0b717ac6ad1f3d77225a350,1,10adb53d8faa890ca7c2f0cbcb68d777,27/07/2018 17:55,19.9,12.8,10adb53d8faa890ca7c2f0cbcb68d777,cama_mesa_banho,5ff96c15d0b717ac6ad1f3d77225a350,credit_card,32.7,1900267e848ceeba8fa32d80c1a5f5a8,ibitinga,SP,26/02/2018 18:52,15/03/2018 00:00
432aaf21d85167c2c86ec9448c4e42cc,3df704f53d3f1d4818840b34ec672a9f,delivered,01/03/2018 14:14,12/03/2018 23:36,432aaf21d85167c2c86ec9448c4e42cc,8f39f09c22b1ceb6e3eb178d8e50bb8a,4,14/03/2018 10:36,3df704f53d3f1d4818840b34ec672a9f,04cf8185c71090d28baa4407b2e6d600,5271,sao paulo,432aaf21d85167c2c86ec9448c4e42cc,1,72d3bf1d3a790f8874096fcf860e3eff,07/03/2018 15:10,38.25,16.11,72d3bf1d3a790f8874096fcf860e3eff,brinquedos,432aaf21d85167c2c86ec9448c4e42cc,credit_card,54.36,0bae85eb84b9fb3bd773911e89288d54,itajai,SP,07/06/2018 14:02,17/07/2018 00:00
dcb36b511fcac050b97cd5c05de84dc3,3b6828a50ffe546942b7a473d70ac0fc,delivered,07/06/2018 19:03,21/06/2018 15:34,dcb36b511fcac050b97cd5c05de84dc3,5a8608437f4b52bec5cd143f37258b5e,5,03/07/2018 15:10,3b6828a50ffe546942b7a473d70ac0fc,ccafc1c3f270410521c3c6f3b249870f,74820,goiania,dcb36b511fcac050b97cd5c05de84dc3,1,009c09f439988bc06a93d6b8186dce73,18/06/2018 18:59,132.4,14.05,009c09f439988bc06a93d6b8186dce73,perfumaria,dcb36b511fcac050b97cd5c05de84dc3,credit_card,146.45,89a51f50b8095ea78d5768f34c13a76f,ponte nova,MG,31/05/2017 16:38,22/06/2017 00:00
116f0b09343b49556bbad5f35bee0cdf,3187789bec990987628d7a9beb4dd6ac,delivered,26/12/2017 23:41,08/01/2018 22:36,116f0b09343b49556bbad5f35bee0cdf,0c00083494717bc36977eb15ba4bba01,5,12/01/2018 01:09,3187789bec990987628d7a9beb4dd6ac,6087cfc70fd833cf2db637a5e6e9d76b,88780,imbituba,116f0b09343b49556bbad5f35bee0cdf,1,a47295965bd091207681b541b26e40a5,02/01/2018 23:50,27.99,15.1,a47295965bd091207681b541b26e40a5,telefonia,116f0b09343b49556bbad5f35bee0cdf,credit_card,43.09,ea8482cd71df3c1969d7b9473ff13abc,taubate,SP,27/11/2017 19:21,19/12/2017 00:00
85ce859fd6dc634de8d2f1e290444043,059f7fc5719c7da6cbafe370971a8d70,delivered,21/11/2017 00:03,27/11/2017 18:28,85ce859fd6dc634de8d2f1e290444043,70c498f6918af37d6444d7846449ea5b,5,28/11/2017 22:12,059f7fc5719c7da6cbafe370971a8d70,d0ff1a7468fcc46b8fc658ab35d2a12c,13186,hortolandia,85ce859fd6dc634de8d2f1e290444043,1,cce679660c66e6fbd5c8091dfd29e9cd,29/11/2017 00:14,17.9,11.85,cce679660c66e6fbd5c8091dfd29e9cd,cama_mesa_banho,85ce859fd6dc634de8d2f1e290444043,credit_card,29.75,d2374cbcbb3ca4ab1086534108cc3ab7,salvador,BA,29/06/2017 13:29,27/07/2017 00:00
83018ec114eee8641c97e08f7b4e926f,7f8c8b9c2ae27bf3300f670c3d478be8,delivered,26/10/2017 15:54,08/11/2017 22:22,83018ec114eee8641c97e08f7b4e926f,219cf59cf889bc85babbd1cd1fe30f2d,4,10/11/2017 01:06,7f8c8b9c2ae27bf3300f670c3d478be8,634f09f6075fe9032e6c19609ffe995a,44024,feira de santana,83018ec114eee8641c97e08f7b4e926f,1,c35498fbb4358837ae16850f50c3fd22,01/11/2017 16:07,76,16.97,c35498fbb4358837ae16850f50c3fd22,telefonia,83018ec114eee8641c97e08f7b4e926f,voucher,62.15,70a12e78e608ac31179aea7f8422044b,curitiba,PR,29/06/2017 13:29,27/07/2017 00:00
203096f03d82e0dffbc41ebc2e2bcfb7,d2b091571da224a1b36412c18bc3bbfe,delivered,18/09/2017 14:31,09/10/2017 22:23,203096f03d82e0dffbc41ebc2e2bcfb7,38cae21b1b57a95959440380d5b2ef7a,2,01/10/2017 17:55,d2b091571da224a1b36412c18bc3bbfe,d699688533772c15a061e8ce81cb56df,4001,sao paulo,203096f03d82e0dffbc41ebc2e2bcfb7,1,5ac9d9e379c606e36a8094a6046f75dc,25/09/2017 04:04,109.9,8.96,5ac9d9e379c606e36a8094a6046f75dc,beleza_saude,203096f03d82e0dffbc41ebc2e2bcfb7,boleto,118.86,633ecdf879b94b5337cca303328e4a25,curitiba,PR,09/02/2018 00:42,14/03/2018 00:00
f848643eec1d69395095eb3840d2051e,4fa1cd166fa598be6de80fa84eaade43,delivered,15/03/2018 08:52,19/03/2018 18:08,f848643eec1d69395095eb3840d2051e,f3d78d82a38fc81f086b0d810edcf3aa,5,20/03/2018 14:35,4fa1cd166fa598be6de80fa84eaade43,68954feaafe4dd638f3bd3e2afa174ec,8473,sao paulo,f848643eec1d69395095eb3840d2051e,1,2b4609f8948be18874494203496bc318,23/03/2018 09:09,79.99,8.91,2b4609f8948be18874494203496bc318,beleza_saude,f848643eec1d69395095eb3840d2051e,credit_card,88.9,cc419e0650a3c5ba77189a1882b7556a,cataguases,MG,09/03/2018 22:11,03/04/2018 00:00
2807d0e504d6d4894d41672727bc139f,72ae281627a6102d9b3718528b420f8a,delivered,03/02/2018 20:37,08/02/2018 16:13,2807d0e504d6d4894d41672727bc139f,e905f4e4e372b175115c1d6c878b5020,3,11/02/2018 21:45,72ae281627a6102d9b3718528b420f8a,b8df986511d928829c3192c2ed081eba,3323,sao paulo,2807d0e504d6d4894d41672727bc139f,1,6893767814d1ac82a81bcd365e1cc918,08/02/2018 20:50,9.5,7.78,6893767814d1ac82a81bcd365e1cc918,eletronicos,2807d0e504d6d4894d41672727bc139f,credit_card,17.28,8b321bb669392f5163d04c59e235e066,sao paulo,SP,09/02/2018 00:42,14/03/2018 00:00
95266dbfb7e20354baba07964dac78d5,a166da34890074091a942054b36e4265,delivered,08/01/2018 07:55,26/01/2018 17:32,95266dbfb7e20354baba07964dac78d5,1d507207ffd8c75b785304b33e2f6c59,4,28/01/2018 11:42,a166da34890074091a942054b36e4265,451e48381edab7f1f6dbfa6d728616ff,89070,blumenau,95266dbfb7e20354baba07964dac78d5,1,bb7181410b4e02f93f3697f765db53c7,26/01/2018 08:07,129.99,57.58,bb7181410b4e02f93f3697f765db53c7,bebes,95266dbfb7e20354baba07964dac78d5,credit_card,187.57,855668e0971d4dfd7bef1b6a4133b41b,ponte nova,MG,29/06/2017 13:29,27/07/2017 00:00
f3e7c359154d965827355f39d6b1fdac,62b423aab58096ca514ba6aa06be2f98,delivered,09/08/2018 11:44,13/08/2018 18:24,f3e7c359154d965827355f39d6b1fdac,9a55cbc65c8fad47581da5ebbb2b373e,5,14/08/2018 21:52,62b423aab58096ca514ba6aa06be2f98,9c9242ad7f1b52d926ea76778e1c0c57,18052,sorocaba,f3e7c359154d965827355f39d6b1fdac,1,e99d69efe684efaa643f99805f7c81bc,14/08/2018 03:24,89.9,14.21,e99d69efe684efaa643f99805f7c81bc,papelaria,f3e7c359154d965827355f39d6b1fdac,boleto,104.11,55c26bcb609f480eb7868594245febb5,curitiba,PR,09/03/2018 22:11,03/04/2018 00:00
fbf9ac61453ac646ce8ad9783d7d0af6,3a874b4d4c4b6543206ff5d89287f0c3,delivered,20/02/2018 23:46,21/03/2018 22:03,fbf9ac61453ac646ce8ad9783d7d0af6,6a1a8e54de03ab98e6e8ff56e56e507f,2,20/03/2018 23:10,3a874b4d4c4b6543206ff5d89287f0c3,a25d5f94840d3c6a1a49f271ed83f4ec,21715,rio de janeiro,fbf9ac61453ac646ce8ad9783d7d0af6,1,7b717060aa783eb7f23a747a3a733dd7,28/02/2018 02:30,109.9,15.53,7b717060aa783eb7f23a747a3a733dd7,cool_stuff,fbf9ac61453ac646ce8ad9783d7d0af6,boleto,125.43,c0563dd588b775f2e37747ef6ad6c92c,cataguases,MG,09/03/2018 22:11,03/04/2018 00:00
acce194856392f074dbf9dada14d8d82,7e20bf5ca92da68200643bda76c504c6,delivered,04/06/2018 00:00,16/06/2018 15:20,acce194856392f074dbf9dada14d8d82,2d4303fd561eb4ab51c87faa6598dc10,1,20/06/2018 11:38,7e20bf5ca92da68200643bda76c504c6,576ea0cab426cd8a00fad9a9c90a4494,41213,salvador,acce194856392f074dbf9dada14d8d82,1,d70f38e7f79c630f8ea00c993897042c,13/06/2018 00:35,90.9,48.64,d70f38e7f79c630f8ea00c993897042c,bebes,acce194856392f074dbf9dada14d8d82,credit_card,227.68,d673a59aac7a70d8b01e6902bf090a11,salvador,BA,24/05/2018 14:36,18/06/2018 00:00
dd78f560c270f1909639c11b925620ea,8b212b9525f9e74e85e37ed6df37693e,delivered,12/03/2018 01:50,21/03/2018 14:41,dd78f560c270f1909639c11b925620ea,67904467df350a66376e3a42fbe02139,5,25/03/2018 02:36,8b212b9525f9e74e85e37ed6df37693e,f4a7ef6bd931f83d75d83b71c94e90df,13568,sao carlos,dd78f560c270f1909639c11b925620ea,1,00baba5b58e274d0332a0c8a0a66f877,16/03/2018 02:30,47.9,12.79,00baba5b58e274d0332a0c8a0a66f877,perfumaria,dd78f560c270f1909639c11b925620ea,credit_card,60.69,d3f39f05462b79a4562d35893a28f159,salvador,BA,31/05/2017 16:38,22/06/2017 00:00
91b2a010e1e45e6ba3d133fa997597be,cce89a605105b148387c52e286ac8335,delivered,02/05/2018 11:45,16/05/2018 20:56,91b2a010e1e45e6ba3d133fa997597be,8a4283cd714cfca8f3da98f2c0afce0e,4,20/05/2018 18:45,cce89a605105b148387c52e286ac8335,bd13608b9c6033892ce62269b50a0afc,9182,santo andre,91b2a010e1e45e6ba3d133fa997597be,1,ba74c6b75d2ad7503175809688d5a03c,09/05/2018 12:55,178.99,13.69,ba74c6b75d2ad7503175809688d5a03c,relogios_presentes,91b2a010e1e45e6ba3d133fa997597be,credit_card,192.68,7d13fca15225358621be4086e1eb0964,ponte nova,MG,29/06/2017 13:29,27/07/2017 00:00
ecab90c9933c58908d3d6add7c6f5ae3,761df82feda9778854c6dafdaeb567e4,delivered,25/02/2018 13:50,27/03/2018 23:29,ecab90c9933c58908d3d6add7c6f5ae3,0153550f6dd1a6bdfc334a919622abfb,4,29/03/2018 16:38,761df82feda9778854c6dafdaeb567e4,1428917cd397d4f9ac0fde76dd6f2266,69317,boa vista,ecab90c9933c58908d3d6add7c6f5ae3,1,c0db539123a403f670c50237d970b215,01/03/2018 14:28,30.1,33.24,c0db539123a403f670c50237d970b215,ferramentas_jardim,ecab90c9933c58908d3d6add7c6f5ae3,credit_card,63.34,f7720c4fa8e3aba4546301ab80ea1f1b,taubate,SP,31/05/2017 16:38,22/06/2017 00:00
f70a0aff17df5a6cdd9a7196128bd354,456dc10730fbdba34615447ea195d643,delivered,10/08/2017 11:58,18/08/2017 14:28,f70a0aff17df5a6cdd9a7196128bd354,2f111691fc93df88fc3aa8c2deac61ce,2,19/08/2017 23:46,456dc10730fbdba34615447ea195d643,1974875b4a1d2e2ee6d586e3ba4d7602,5634,sao paulo,f70a0aff17df5a6cdd9a7196128bd354,1,cafd558df4c3c9d1c338ba6930ea9a62,17/08/2017 02:45,279,34.19,cafd558df4c3c9d1c338ba6930ea9a62,bebes,f70a0aff17df5a6cdd9a7196128bd354,boleto,313.19,5dceca129747e92ff8ef7a997dc4f8ca,curitiba,PR,09/03/2018 22:11,03/04/2018 00:00
1790eea0b567cf50911c057cf20f90f9,52142aa69d8d0e1247ab0cada0f76023,delivered,16/04/2018 21:15,05/05/2018 12:28,1790eea0b567cf50911c057cf20f90f9,764c587207b9589949abd863bdb72dec,1,08/05/2018 23:47,52142aa69d8d0e1247ab0cada0f76023,a6fefcd9f434474cf6fcd8ed1102fd63,55540,palmares,1790eea0b567cf50911c057cf20f90f9,1,2d8f2be4f08788ee3bf5356af2b2ee6c,22/04/2018 22:10,186.9,38,2d8f2be4f08788ee3bf5356af2b2ee6c,climatizacao,1790eea0b567cf50911c057cf20f90f9,credit_card,224.9,d91fb3b7d041e83b64a00a3edfb37e4f,salvador,BA,27/11/2017 19:21,19/12/2017 00:00
989225ba6d0ebd5873335f7e01de2ae7,816f8653d5361cbf94e58c33f2502a5c,delivered,12/12/2017 13:56,03/01/2018 18:03,989225ba6d0ebd5873335f7e01de2ae7,3ee0f16b91a29ca331bbea4f4021b777,4,11/01/2018 15:41,816f8653d5361cbf94e58c33f2502a5c,37363700139c1aef873bbcd916e57dfd,5778,sao paulo,989225ba6d0ebd5873335f7e01de2ae7,1,6b64362e89896be7589621df54be089e,20/12/2017 13:54,49,14.1,6b64362e89896be7589621df54be089e,moveis_decoracao,989225ba6d0ebd5873335f7e01de2ae7,credit_card,63.1,77530e9772f57a62c906e1c21538ab82,curitiba,PR,29/06/2017 13:29,27/07/2017 00:00
d887b52c6516beb39e8cd44a5f8b60f7,d9ef95f98d8da3b492bb8c0447910498,delivered,03/02/2018 12:38,22/02/2018 00:07,d887b52c6516beb39e8cd44a5f8b60f7,57be0c4c29a5113d8344db898974b47b,5,25/02/2018 11:39,d9ef95f98d8da3b492bb8c0447910498,a2649503b92028291f011a976619b322,26572,mesquita,d887b52c6516beb39e8cd44a5f8b60f7,1,39a9942865c056ed2006a5e8c11d9537,08/02/2018 12:50,84.9,15.35,39a9942865c056ed2006a5e8c11d9537,brinquedos,d887b52c6516beb39e8cd44a5f8b60f7,credit_card,100.25,ba5daa4041e1f15cdf34b76e3e18a450,sao paulo,SP,31/05/2017 16:38,22/06/2017 00:00
b276e4f8c0fb86bd82fce576f21713e0,cf8ffeddf027932e51e4eae73b384059,delivered,29/07/2018 23:34,31/07/2018 22:48,b276e4f8c0fb86bd82fce576f21713e0,e71c2035f3e772a0a2339e001d383d8f,5,04/08/2018 02:05,cf8ffeddf027932e51e4eae73b384059,6cbe8a392b76916e84c2faf69d0d0da0,13454,santa barbara d'oeste,b276e4f8c0fb86bd82fce576f21713e0,1,c6c1f263e076bd9c1f1640250a5d0c29,02/08/2018 23:45,179,9.41,c6c1f263e076bd9c1f1640250a5d0c29,perfumaria,b276e4f8c0fb86bd82fce576f21713e0,credit_card,188.41,fe2032dab1a61af8794248c8196565c9,taubate,SP,24/05/2018 14:36,18/06/2018 00:00
8563039e855156e48fccee4d611a3196,5f16605299d698660e0606f7eae2d2f9,delivered,17/02/2018 15:59,20/03/2018 00:59,8563039e855156e48fccee4d611a3196,f121467a10eee0929f364c7d62abc9b5,5,23/03/2018 22:56,5f16605299d698660e0606f7eae2d2f9,92fd8aa5948e20c43a014c44c025c5e1,77480,alvorada,8563039e855156e48fccee4d611a3196,1,bff2010b28e8fbcff5a9db9d3fea5ac4,22/02/2018 15:15,78,28.95,bff2010b28e8fbcff5a9db9d3fea5ac4,ferramentas_jardim,8563039e855156e48fccee4d611a3196,credit_card,106.95,955fee9216a65b617aa5c0531780ce60,sao paulo,SP,29/06/2017 13:29,27/07/2017 00:00
60550084e6b4c0cb89a87df1f3e5ebd9,f5458ddc3545711efa883dd7ae7c4497,delivered,21/02/2018 18:15,13/03/2018 23:58,60550084e6b4c0cb89a87df1f3e5ebd9,dc5cb78313de2f9c467da1f72302de04,4,16/03/2018 00:52,f5458ddc3545711efa883dd7ae7c4497,661a5e18a28b34880ccc60112f2b8e8e,62360,ibiapina,60550084e6b4c0cb89a87df1f3e5ebd9,1,9b37a918bcf2c8e1064e867cf1df4637,01/03/2018 02:10,39.9,26.89,9b37a918bcf2c8e1064e867cf1df4637,eletronicos,60550084e6b4c0cb89a87df1f3e5ebd9,boleto,66.79,f27e33c6d29b5138fa9967bcd445b6d5,taubate,SP,26/02/2018 18:52,15/03/2018 00:00
5acce57f8d9dfd55fa48e212a641a69d,295ae9b35379e077273387ff64354b6f,delivered,31/07/2017 21:37,08/08/2017 21:24,5acce57f8d9dfd55fa48e212a641a69d,d0d8cc7219984cfa3763c891edb27b0b,5,10/08/2017 14:50,295ae9b35379e077273387ff64354b6f,f1f4f45c8602d0db1329eed1c8e935d4,19780,quata,5acce57f8d9dfd55fa48e212a641a69d,1,0cd9f302c8a5b076ffa5c3567c6705fd,08/08/2017 02:56,27.9,15.1,0cd9f302c8a5b076ffa5c3567c6705fd,informatica_acessorios,5acce57f8d9dfd55fa48e212a641a69d,boleto,43,85d9eb9ddc5d00ca9336a2219c97bb13,ponte nova,MG,26/02/2018 18:52,15/03/2018 00:00
434d158e96bdd6972ad6e6d73ddcfd22,2a1dfb647f32f4390e7b857c67458536,delivered,01/06/2018 12:23,18/06/2018 21:32,434d158e96bdd6972ad6e6d73ddcfd22,b3b4ba30f4ff674b60b53cbb408ad037,5,20/06/2018 00:49,2a1dfb647f32f4390e7b857c67458536,5f7d7732b351ce851a158528581af05f,54330,jaboatao dos guararapes,434d158e96bdd6972ad6e6d73ddcfd22,1,c7df652246ed7b3300aaf46960c141e4,13/06/2018 03:35,445,63.17,c7df652246ed7b3300aaf46960c141e4,beleza_saude,434d158e96bdd6972ad6e6d73ddcfd22,boleto,508.17,a5cba26a62b8b4d0145b68b841e62e7f,sao paulo,SP,07/06/2018 14:02,17/07/2018 00:00
7206b86ea789983f7a273ea7fa0bc2a8,3391c4bc11a817e7973e498b0b023158,delivered,26/03/2018 17:12,05/04/2018 22:11,7206b86ea789983f7a273ea7fa0bc2a8,5b1625e5b9843840ed3ab3f164eb5e3f,3,07/04/2018 10:32,3391c4bc11a817e7973e498b0b023158,1b542f810484d8c042aed33a7c61a218,4561,sao paulo,7206b86ea789983f7a273ea7fa0bc2a8,1,9a469eaf45dfbc43d39ba1977a3c07af,30/03/2018 17:27,36.9,12.79,9a469eaf45dfbc43d39ba1977a3c07af,cama_mesa_banho,7206b86ea789983f7a273ea7fa0bc2a8,credit_card,49.69,d2374cbcbb3ca4ab1086534108cc3ab7,salvador,BA,19/04/2018 22:17,15/05/2018 00:00
1e7aff52cdbb2451ace09d0f848c3699,ddaff536587109b89777e0353215e150,delivered,19/05/2017 18:53,31/05/2017 13:58,1e7aff52cdbb2451ace09d0f848c3699,dfcc60a0a9bf7470d1acf910bc306e78,5,04/06/2017 23:01,ddaff536587109b89777e0353215e150,c796780c7daeab9e94cc052b1f103b21,26600,paracambi,1e7aff52cdbb2451ace09d0f848c3699,1,8c591ab0ca519558779df02023177f44,25/05/2017 19:05,119.99,34.2,8c591ab0ca519558779df02023177f44,ferramentas_jardim,1e7aff52cdbb2451ace09d0f848c3699,credit_card,154.19,a1043bafd471dff536d0c462352beb48,sao paulo,SP,09/02/2018 00:42,14/03/2018 00:00
6ea2f835b4556291ffdc53fa0b3b95e8,c7340080e394356141681bd4c9b8fe31,delivered,24/11/2017 21:27,28/12/2017 18:59,6ea2f835b4556291ffdc53fa0b3b95e8,5caca29ffffe9086162ca51303817420,1,28/12/2017 11:25,c7340080e394356141681bd4c9b8fe31,3e4fd73f1e86b135b9b121d6abbe9597,19400,presidente venceslau,6ea2f835b4556291ffdc53fa0b3b95e8,1,be021417a6acb56b9b50d3fd2714baa8,30/11/2017 00:21,339,17.12,be021417a6acb56b9b50d3fd2714baa8,utilidades_domesticas,6ea2f835b4556291ffdc53fa0b3b95e8,credit_card,356.12,f5f46307a4d15880ca14fab4ad9dfc9b,taubate,SP,19/04/2018 22:17,15/05/2018 00:00
948097deef559c742e7ce321e5e58919,8644be24d48806bc3a88fd59fb47ceb1,delivered,04/08/2017 17:10,12/08/2017 14:08,948097deef559c742e7ce321e5e58919,eba492bfeacda5b918f67f0900030dff,5,13/08/2017 19:57,8644be24d48806bc3a88fd59fb47ceb1,4ca5f90433afb5493247f0bafb583483,73350,brasilia,948097deef559c742e7ce321e5e58919,1,cd935d283d47f1050c505e1c39c48b67,10/08/2017 17:25,69.9,25.77,cd935d283d47f1050c505e1c39c48b67,esporte_lazer,948097deef559c742e7ce321e5e58919,credit_card,95.67,a3a38f4affed601eb87a97788c949667,sao paulo,SP,29/06/2017 13:29,27/07/2017 00:00
d22e9fa5731b9e30e8b27afcdc2f8563,756fb9391752dad934e0fe3733378e57,delivered,04/08/2018 23:25,13/08/2018 23:34,d22e9fa5731b9e30e8b27afcdc2f8563,fcecdc18c0d4da82a2327b8b0d6e284a,4,15/08/2018 09:20,756fb9391752dad934e0fe3733378e57,394b2ce444baae9ae609f5d32000de0f,47850,luis eduardo magalhaes,d22e9fa5731b9e30e8b27afcdc2f8563,1,f410090aec61f7c73748ca894286edcd,07/08/2018 23:35,99,22.62,f410090aec61f7c73748ca894286edcd,papelaria,d22e9fa5731b9e30e8b27afcdc2f8563,debit_card,121.62,980640c45d7a4635885491d077167e4d,sao paulo,SP,20/02/2018 19:19,13/03/2018 00:00
6ebaec694d7025e2ad4a05dba887c032,4f28355e5c17a4a42d3ce2439a1d4501,delivered,18/05/2017 13:55,29/05/2017 12:47,6ebaec694d7025e2ad4a05dba887c032,590aec3016a098ad236fc59459173f33,1,31/05/2017 13:34,4f28355e5c17a4a42d3ce2439a1d4501,4acce2834231e13b1514915adda5ec2b,21910,rio de janeiro,6ebaec694d7025e2ad4a05dba887c032,1,e251ebd2858be1aa7d9b2087a6992580,24/05/2017 14:05,139,14.72,e251ebd2858be1aa7d9b2087a6992580,ferramentas_jardim,6ebaec694d7025e2ad4a05dba887c032,credit_card,153.72,001cca7ae9ae17fb1caed9dfb1094831,cariacica,ES,19/04/2018 22:17,15/05/2018 00:00
d17dc4a904426827ca80f2ccb3a6be56,569cf68214806a39acc0f39344aea67f,delivered,14/05/2017 20:28,25/05/2017 09:14,d17dc4a904426827ca80f2ccb3a6be56,bcab37e37778893d858b3d159849a56d,4,01/06/2017 19:10,569cf68214806a39acc0f39344aea67f,c2551ea089b7ebbc67a2ea8757152514,44380,cruz das almas,d17dc4a904426827ca80f2ccb3a6be56,1,ba4bfbf74dbe7ab37e263b9326da0523,18/05/2017 20:42,36.9,17.92,ba4bfbf74dbe7ab37e263b9326da0523,esporte_lazer,d17dc4a904426827ca80f2ccb3a6be56,credit_card,54.82,f8db351d8c4c4c22c6835c19a46f01b0,taubate,SP,20/02/2018 19:19,13/03/2018 00:00
25f4376934e13d3508486352e11a5db0,12fd2740039676063a874b9567dfa651,delivered,17/05/2018 16:59,21/05/2018 15:22,25f4376934e13d3508486352e11a5db0,ff130b68d99d6cedd7329b13ffbe2f03,5,23/05/2018 15:47,12fd2740039676063a874b9567dfa651,372e0fc66eacb8698e4f9997d366d961,12230,sao jose dos campos,25f4376934e13d3508486352e11a5db0,1,aca2eb7d00ea1a7b8ebd4e68314663af,22/05/2018 01:17,69.9,12.43,aca2eb7d00ea1a7b8ebd4e68314663af,moveis_decoracao,25f4376934e13d3508486352e11a5db0,credit_card,82.33,955fee9216a65b617aa5c0531780ce60,sao paulo,SP,09/02/2018 00:42,14/03/2018 00:00
5820a1100976432c7968a52da59e9364,2b56e94c2f66f2d97cfa63356f69cee8,delivered,29/07/2018 11:24,02/08/2018 22:09,5820a1100976432c7968a52da59e9364,7fe86452ea24bb5085343b5e9d684a3e,5,04/08/2018 14:36,2b56e94c2f66f2d97cfa63356f69cee8,cc1a30280651daf2d918ed7868575771,95270,flores da cunha,5820a1100976432c7968a52da59e9364,1,1deda1acffb44ed38494667d7e49a9f3,31/07/2018 11:44,33.9,18.34,1deda1acffb44ed38494667d7e49a9f3,esporte_lazer,5820a1100976432c7968a52da59e9364,credit_card,52.24,f52c2422904463fdd7741f99045fecb6,taubate,SP,26/02/2018 18:52,15/03/2018 00:00
2ce1ad82022c1ba30c2079502ac725aa,7f2178c5d771e17f507d3c1637339298,delivered,09/08/2017 20:19,16/08/2017 17:16,2ce1ad82022c1ba30c2079502ac725aa,460b9c05a89088364143d8dec431344b,5,20/08/2017 01:51,7f2178c5d771e17f507d3c1637339298,12e7a2c201751ddc979e7a45cef500f3,1038,sao paulo,2ce1ad82022c1ba30c2079502ac725aa,1,f35927953ed82e19d06ad3aac2f06353,17/08/2017 04:15,115,15.56,f35927953ed82e19d06ad3aac2f06353,livros_interesse_geral,2ce1ad82022c1ba30c2079502ac725aa,boleto,130.56,669ae81880e08f269a64487cfb287169,curitiba,PR,01/02/2018 10:42,20/02/2018 00:00
138849fd84dff2fb4ca70a0a34c4aa1c,9b18f3fc296990b97854e351334a32f6,delivered,01/02/2018 14:02,14/02/2018 13:41,138849fd84dff2fb4ca70a0a34c4aa1c,16fe408521a9c6de156276d366356476,5,15/02/2018 17:07,9b18f3fc296990b97854e351334a32f6,b2cac0b16835dabf811b204127f58afa,6330,carapicuiba,138849fd84dff2fb4ca70a0a34c4aa1c,1,304fad8dc4d2012dc4062839972f2d96,08/02/2018 02:53,39.47,13.37,304fad8dc4d2012dc4062839972f2d96,construcao_ferramentas_construcao,138849fd84dff2fb4ca70a0a34c4aa1c,boleto,52.84,6860153b69cc696d5dcfe1cdaaafcf62,curitiba,PR,27/11/2017 19:21,19/12/2017 00:00
47aa4816b27ba60ec948cd019cc1afc1,148348ff65384b4249b762579532e248,delivered,26/06/2018 13:42,03/07/2018 18:37,47aa4816b27ba60ec948cd019cc1afc1,ab80d532fa8e6408aff60b4fa56566e3,5,05/07/2018 19:17,148348ff65384b4249b762579532e248,db979bdfe0bbba29ecd3df3f6c50bea2,87711,paranavai,47aa4816b27ba60ec948cd019cc1afc1,1,1501b0033c68a37fa9560033a440e529,29/06/2018 03:31,53.44,18.47,1501b0033c68a37fa9560033a440e529,eletroportateis,47aa4816b27ba60ec948cd019cc1afc1,boleto,71.91,33cbbec1e7e1044aaf11d152172c776f,bento goncalves,RS,26/02/2018 18:52,15/03/2018 00:00
9faeb9b2746b9d7526aef5acb08e2aa0,79183cd650e2bb0d475b0067d45946ac,delivered,26/07/2018 14:39,31/07/2018 22:26,9faeb9b2746b9d7526aef5acb08e2aa0,25b502beeef8b3aff87449ccdc001f53,1,04/08/2018 02:14,79183cd650e2bb0d475b0067d45946ac,c77154776ead8e798c2d684205938f71,90620,porto alegre,9faeb9b2746b9d7526aef5acb08e2aa0,1,f48eb5c2fde13ca63664f0bb05f55346,30/07/2018 14:55,60,15.52,f48eb5c2fde13ca63664f0bb05f55346,esporte_lazer,9faeb9b2746b9d7526aef5acb08e2aa0,credit_card,151.04,f7ba60f8c3f99e7ee4042fdef03b70c4,taubate,SP,29/06/2017 13:29,27/07/2017 00:00
641fb0752bf5b5940c376b3a8bb9dc52,f5afca14dfa9dc64251cf2b45c54c363,delivered,15/12/2017 00:06,03/01/2018 15:09,641fb0752bf5b5940c376b3a8bb9dc52,ffa0d9ba2678dba5fa370295245f473d,4,04/01/2018 18:29,f5afca14dfa9dc64251cf2b45c54c363,38cad70d154a4dcc42b598d5c01f7ef1,25211,duque de caxias,641fb0752bf5b5940c376b3a8bb9dc52,1,60184212dae4e6b0da32bf54271a8c4a,21/12/2017 00:14,369,17.33,60184212dae4e6b0da32bf54271a8c4a,relogios_presentes,641fb0752bf5b5940c376b3a8bb9dc52,credit_card,386.33,b33e7c55446eabf8fe1a42d037ac7d6d,sao paulo,SP,26/02/2018 18:52,15/03/2018 00:00
e425680f760cbc130be3e53a9773c584,f178c1827f67a8467b0385b7378d951a,delivered,31/08/2017 08:15,04/09/2017 20:59,e425680f760cbc130be3e53a9773c584,19ff7f2ec1b7889bc11f85667a22eaa3,5,09/09/2017 12:50,f178c1827f67a8467b0385b7378d951a,9d9ab3b77f0416765b3fbedf94a942a4,12070,taubate,e425680f760cbc130be3e53a9773c584,1,9ecadb84c81da840dbf3564378b586e9,08/09/2017 08:30,38.4,11.85,9ecadb84c81da840dbf3564378b586e9,moveis_decoracao,e425680f760cbc130be3e53a9773c584,credit_card,50.25,1025f0e2d44d7041d6cf58b6550e0bfa,sao paulo,SP,31/05/2017 16:38,22/06/2017 00:00
40c5e18f7d112b59b3e5113a59a905b3,67407057a7d5ee17d1cd09523f484d13,delivered,11/06/2018 10:25,19/06/2018 00:31,40c5e18f7d112b59b3e5113a59a905b3,87bed0b5fb6856c9328d5e60df70546a,5,20/06/2018 13:12,67407057a7d5ee17d1cd09523f484d13,7cfba6e55439cae3fd2479d62fafe67f,22240,rio de janeiro,40c5e18f7d112b59b3e5113a59a905b3,1,595fac2a385ac33a80bd5114aec74eb8,15/06/2018 10:58,119.9,8.78,595fac2a385ac33a80bd5114aec74eb8,perfumaria,40c5e18f7d112b59b3e5113a59a905b3,credit_card,128.68,ef0ace09169ac090589d85746e3e036f,taubate,SP,23/04/2018 23:54,24/05/2018 00:00
734e7d1bbaeb2ff82521ca0fe6fb6f79,2932d241d1f31e6df6c701d52370ae02,delivered,11/06/2018 08:18,14/06/2018 21:32,734e7d1bbaeb2ff82521ca0fe6fb6f79,b62fb61e2c54c9f7d8ef6395ad98b858,5,12/07/2018 05:21,2932d241d1f31e6df6c701d52370ae02,f7603d34c795584792a484186233e6e5,3942,sao paulo,734e7d1bbaeb2ff82521ca0fe6fb6f79,1,278b3c6462e86b4556b99989513ddf73,13/06/2018 08:31,29.99,13.47,278b3c6462e86b4556b99989513ddf73,eletroportateis,734e7d1bbaeb2ff82521ca0fe6fb6f79,credit_card,43.46,d1ef48b38baca7e831711c4a0aeb398f,salvador,BA,19/04/2018 22:17,15/05/2018 00:00
66e4624ae69e7dc89bd50222b59f581f,684fa6da5134b9e4dab731e00011712d,delivered,09/03/2018 14:50,03/04/2018 13:28,66e4624ae69e7dc89bd50222b59f581f,4ff7c437ae60fa0b3c700ade55155027,1,04/04/2018 09:31,684fa6da5134b9e4dab731e00011712d,ddf60e20e6e262e2136801ce5cd628b0,49030,aracaju,66e4624ae69e7dc89bd50222b59f581f,1,b37b72d5a56f887725c2862184b8cab8,15/03/2018 15:30,22.99,22.85,b37b72d5a56f887725c2862184b8cab8,telefonia,66e4624ae69e7dc89bd50222b59f581f,credit_card,91.68,db4350fd57ae30082dec7acbaacc17f9,salvador,BA,26/02/2018 18:52,15/03/2018 00:00
a685d016c8a26f71a0bb67821070e398,911e4c37f5cafe1604fe6767034bf1ae,delivered,13/03/2017 18:14,06/04/2017 13:37,a685d016c8a26f71a0bb67821070e398,19d60869413aa63834affc9ecc9d9f90,1,02/04/2017 10:58,911e4c37f5cafe1604fe6767034bf1ae,51838d41add414a0b1b989b7d251d9ee,13068,campinas,a685d016c8a26f71a0bb67821070e398,1,ebd7c847c1e1cb69ec374ae0ebee1f4c,17/03/2017 18:14,84.9,14.36,ebd7c847c1e1cb69ec374ae0ebee1f4c,moveis_decoracao,a685d016c8a26f71a0bb67821070e398,boleto,99.26,391fc6631aebcf3004804e51b40bcf1e,campinas,SP,24/05/2018 14:36,18/06/2018 00:00
2edfd6d1f0b4cd0db4bf37b1b224d855,241e78de29b3090cfa1b5d73a8130c72,delivered,13/06/2017 21:11,19/06/2017 18:51,2edfd6d1f0b4cd0db4bf37b1b224d855,3fb0e4d9bf232d8801b25896c772b606,5,23/06/2017 00:27,241e78de29b3090cfa1b5d73a8130c72,c63e44efa43f3947087aee96b388d949,4658,sao paulo,2edfd6d1f0b4cd0db4bf37b1b224d855,1,30469bb5ea377eae7121981e2f0778e4,21/06/2017 03:05,113,28.15,30469bb5ea377eae7121981e2f0778e4,esporte_lazer,2edfd6d1f0b4cd0db4bf37b1b224d855,boleto,141.15,80e6699fe29150b372a0c8a1ebf7dcc8,ponte nova,MG,01/02/2018 10:42,20/02/2018 00:00
